Price,Review,ReviewRating,Photo
$$,Hands down the best burger in Boston. Came here for lunch on 10/24/19. I'm a huge burger guy and I've tried many especially in LA and this is up there with...,5,https://s3-media2.fl.yelpcdn.com/bphoto/b6JvSvlGsKAKynaznd7tKg/o.jpg
$,"This was my first time going to Tenoch and it was awesome! It is a cool spot in east Cambridge. I'm not sure if parking is a convenient option, but it is...",5,https://s3-media4.fl.yelpcdn.com/bphoto/wiN501i9KCMYy45psvtUMw/o.jpg
$$$$,"Beyond amazing!  One of the best if not the best omakase experience I've ever had.  Beautiful, delicious, creative and unique flavors. 

Ambiance was great...",5,https://s3-media3.fl.yelpcdn.com/bphoto/1BF3QAoZmY9fXfwgb4rIXg/o.jpg
$$,People wait in line for Regina's which has dropped off the cliff in quality while just up the street you can get a far superior pizza and sadly I am the...,5,https://s3-media2.fl.yelpcdn.com/bphoto/derEYD_f-F1p-O8wNaRyYg/o.jpg
$$$,"We saw a lot of great reviews for this place so we had to stop by while visiting Boston. There were only 2-3 parties in line so we walked in line too,...",5,https://s3-media4.fl.yelpcdn.com/bphoto/qzU7C1wTPZTaalC78GiwNQ/o.jpg
$$,"Weekend trip!!! Wow wow wow
This delicious gem is hidden in the back in a cute corner of the warehouse area. Keep walking I promise you'll run into it. 
I...",5,https://s3-media3.fl.yelpcdn.com/bphoto/_wAbeXqqrcqfZNB4e3TJvw/o.jpg
$,"This place is amazing - love the food and outstanding service!

I've been coming here for a long time now, both for lunches and take home dinners for the...",5,https://s3-media2.fl.yelpcdn.com/bphoto/3gwzneFJ4g9L-68Wc-0Ycw/o.jpg
$$,"My boyfriend and I went to this restaurant before my travels abroad and it was one of the best experiences we've had, especially with customer service....",5,https://s3-media2.fl.yelpcdn.com/bphoto/Kag6FbFN1RnD8tzQVuB7Vg/o.jpg
$,"Simply the best bakery(square)  pizza, arancini, panzaroti, and calzone (and all the other things.) The owner was born in Italy and has been doing this for...",5,https://s3-media1.fl.yelpcdn.com/bphoto/tNZbSM1ZOvju9zevxv_JZw/o.jpg
$,Amazing place! The staff all speak Italian and really care about the food they prepare. Same quality as restaurants in the North End with half the price.,5,https://s3-media4.fl.yelpcdn.com/bphoto/uT6YEoi-gsWBneY6q6q0mw/o.jpg
$$,I don't usually crave sandwiches cause they're usually overloaded so when I bite into it everything just oozes out the back or its back to the middle school...,5,https://s3-media2.fl.yelpcdn.com/bphoto/Z9R_BTp-ot5ZngWqIKobGw/o.jpg
$$,"Cute, authentic Italian restaurant in the North End. Cash only. Lynn was my server and she was great explaining the menu and the run down of the restaurant...",5,https://s3-media1.fl.yelpcdn.com/bphoto/YXYqFvY2lDCfGt46Bc_gLg/o.jpg
$$$,"Sam is a great server here. Charismatic, knows everything about the menu and drinks, and overall a great time. Outstanding food, great service.",5,https://s3-media3.fl.yelpcdn.com/bphoto/tIuW-qU7mKWomK09KdhnTw/o.jpg
$$,"I adore Pressed Cafe, everything I've had here is DELICIOUS 
Love their BBQ Chicken Mac and Cheese, their Açaí bowls, paninis, salads and honestly literally...",5,https://s3-media3.fl.yelpcdn.com/bphoto/W2uZgXiaqtq1_9qZtLNezA/o.jpg
$,"Had a good veg biriyani. Samosas were not that great. The delivery was on time and service is fine.

It does not have many seatings so difficult for large group",4,https://s3-media2.fl.yelpcdn.com/bphoto/aPTaXUmGVxhX_ugpbDmjBA/o.jpg
$$,"Saus was seriously so good! I loved all of their fun takes on sauces, plus the chicken sandwiches were perfect. I seriously enjoyed every last bite. Also,...",5,https://s3-media4.fl.yelpcdn.com/bphoto/m4reI0VGhhbAf5MUxJ9zhQ/o.jpg
$$,"It was my first time here today and I had a great time! The service was excellent. We sat at the bar and Greg was the one to service us. He was great, he...",5,https://s3-media1.fl.yelpcdn.com/bphoto/IS8UXp2btdwysqhcATtZfw/o.jpg
$$$,"The Daily Catch is a fantastic seafood Italian restaurant located in the heart of the city. The restaurant offers a warm and inviting atmosphere, with a...",5,https://s3-media4.fl.yelpcdn.com/bphoto/nqNaUJeWE5BlgAjMeXlhig/o.jpg
$$,Adrian was the best. He made our first experience feel as if we're weren't new customers. The food and drinks were great! 100% recommend Koy,5,https://s3-media1.fl.yelpcdn.com/bphoto/v0b4D2yu0Y8czT9I_hRk7w/o.jpg
$$,"Hipster dive bar with bar food... beverage choices were strong, food was filling and tasty, and ambiance is great. But the PRICES are absurd. $20+ for...",4,https://s3-media2.fl.yelpcdn.com/bphoto/MOxpnBmt6kWtbjj1XIPezg/o.jpg
$$,"First the basics - a delicious latte, probably the best since Bird Rock Coffee Roasters in La Jolla (which is more of a place for fancy latte variations...",5,https://s3-media2.fl.yelpcdn.com/bphoto/4i1p0N9zAEL6ryuTOGExfA/o.jpg
$$,"Love love love me some Polcari's! 

It's a small shop but BIG impact. We walked in while visiting the area and when you first walk in you have the sweet...",5,https://s3-media4.fl.yelpcdn.com/bphoto/H2lpbW-KdsgFnjgKGsaSIg/o.jpg
$$,"I love their teas, and I even buy the infuser that was on sale that day. The employees are spot on, as well as the teas. Even it was as small place to sell....",5,https://s3-media3.fl.yelpcdn.com/bphoto/E0eJVjGN18Bv1J7et7f2Kw/o.jpg
$,"Found this place while spending the day in Boston...I wanted some good coffee and a quick bite before starting my day.

It's cute small location and menu...",5,https://s3-media1.fl.yelpcdn.com/bphoto/Na11WzAJCkZysjnJ9ebsYQ/o.jpg
$,"Just went here the other day to work and it was a cute and quaint cafe. The iced latte I had was really delicious, tons of flavors for syrups and little...",5,https://s3-media3.fl.yelpcdn.com/bphoto/9K_zYXP8H5RzUUckjeMBtw/o.jpg
$,"The drinks:
Barrington makes the best coffee. If you just need a quick fix, whatever they're brewing that day will for sure suffice. They also have some...",5,https://s3-media4.fl.yelpcdn.com/bphoto/cpv2RC2DgrtyIY5KsxrN1w/o.jpg
$,"There are so few breakfast places in the North End, but this one is a favorite if you love breakfast sandwiches. They are HUGE but so fresh and they make it...",5,https://s3-media3.fl.yelpcdn.com/bphoto/rv7YGA0lXTCuWfKCFCkcBQ/o.jpg
$,"Loved this place. Amazing coffee and staff! 

Visited Boston for the weekend and had a wonderful cafe experience here at Render! Got the Peppermint Mocha...",5,https://s3-media4.fl.yelpcdn.com/bphoto/WCM6v1mrr8d5N_ql7OqRHg/o.jpg
$$,"Tiny corner comfort spot, a few tables and chairs outside, a few stools along the window shelf inside. Creative pressed sandwiches, the freshest ingredients...",5,https://s3-media3.fl.yelpcdn.com/bphoto/6vvhQL1TYao95UX5d84Rng/o.jpg
$,"WOW! I'll be honest it's really unassuming when you walk in but the iced coffee was incredible and the coffee cake was super yummy. 
We also got the egg and...",5,https://s3-media2.fl.yelpcdn.com/bphoto/fAFDWLWLMro4X6_C2hLugw/o.jpg
$$,"The nicest freakin' staff at any coffee shop I have ever been to.  I live in Union Park and come here pretty regularly ~ they are the nicest, kindest, most...",5,https://s3-media4.fl.yelpcdn.com/bphoto/Seegj2JfvchkwYqHt56-MQ/o.jpg
$,blink and you miss it! the cutest little gem in the north station area. my friend and i split a blueberry muffin and she got an iced hazelnut coffee. both...,5,https://s3-media2.fl.yelpcdn.com/bphoto/LjZxc7tPXNiu_Tyj3IHTXw/o.jpg
$$,"Was a regular at Barrington Coffee during my stay in Boston! This place was amazing! 

The staff were friendly, and the guy even let me watch him make the...",5,https://s3-media2.fl.yelpcdn.com/bphoto/d1MNZ0WYB2mUD2ljUgBRtg/o.jpg
$,My first time at Another Cup was last week when my team and I came as part of a cafe-based work week. We would all definitely come again! Another Cup is...,5,https://s3-media2.fl.yelpcdn.com/bphoto/IfW_-FoE-1hO-mumc18BuQ/o.jpg
$$,A great south end neighborhood cafe spot! Great for quick catch-ups and a good work spot (with wifi!) during their less busy hours into the evening. The...,5,https://s3-media2.fl.yelpcdn.com/bphoto/mBzaOE4eOJ0j0bK3KBIvIA/o.jpg
$,Small cafe in the financial district that my coworkers recommended me to try. Most of the hype is for the iced coffee because they have a huge assortment of...,5,https://s3-media2.fl.yelpcdn.com/bphoto/kBy4GG8rU2IU2J1wFJMfKA/o.jpg
$$,"Cutest cafe!
Weather you want to meet up with some friends, study, or have a quick bite to eat before walking around the town this place is perfect. 

To...",5,https://s3-media4.fl.yelpcdn.com/bphoto/Ypbn43JD1g_Wl1nSIcE95A/o.jpg
$$,"Excellent lattes that satisfies a coffee lover's needs. Staff is extremely friendly and quick. As a bonus, they serve very good breakfast sandwiches. I had...",5,https://s3-media4.fl.yelpcdn.com/bphoto/4rkCGuOg_kn_yS2b_F3oeA/o.jpg
$$$$,I can not describe how much I liked this place. It's probably the most interesting/delicious meal I've had in Boston. If you want to be surprised by amazing...,5,https://s3-media3.fl.yelpcdn.com/bphoto/zhxbsGwI2GsYM_q0065h2w/o.jpg
$$,"Ever have one of those meals where you stop, look at your food, and say out loud, ""well this is the best dining experience I think I've ever had""?   Because...",5,https://s3-media2.fl.yelpcdn.com/bphoto/sCPINohAscTXI5KuYlVfFw/o.jpg
$$$,"So glad that my girlfriend found out about this place and made a reservation!

I have lived in Boston for over a decade but never heard of this place before...",5,https://s3-media4.fl.yelpcdn.com/bphoto/RqaLjWE7Mixbn5kbCDd2Ow/o.jpg
$$$,"Sam is a great server here. Charismatic, knows everything about the menu and drinks, and overall a great time. Outstanding food, great service.",5,https://s3-media3.fl.yelpcdn.com/bphoto/tIuW-qU7mKWomK09KdhnTw/o.jpg
$$$,Perfect for date night! My partner and I visited Boston for our 5 year anniversary and dinner at Deuxave was the right choice. He informed them in advance...,5,https://s3-media3.fl.yelpcdn.com/bphoto/d4K6B3OZDi4Flnkae_pwlA/o.jpg
$$,if you come here please do yourself a favor and get the chipotle glazed meatloaf burger. I never would of thought meatloaf would go well as a burger but...,5,https://s3-media4.fl.yelpcdn.com/bphoto/3X5Zc7QLwD9Q87yvI7wEHA/o.jpg
$$,"Hipster dive bar with bar food... beverage choices were strong, food was filling and tasty, and ambiance is great. But the PRICES are absurd. $20+ for...",4,https://s3-media2.fl.yelpcdn.com/bphoto/MOxpnBmt6kWtbjj1XIPezg/o.jpg
$$$,"What a fantastic, fantastic experience! Thank you to the incredible staff for accommodating a rowdy group of 9 coworkers striving to enjoy all that Eastern...",5,https://s3-media1.fl.yelpcdn.com/bphoto/m35nbN0MtUrJZI1L0lOEdA/o.jpg
$$$,Drink is a cocktail bar with no menu - you tell the bartender your preferences/what you're in the mood for and they'll whip up a drink for you. Such a cool...,4,https://s3-media3.fl.yelpcdn.com/bphoto/dzfck862-CyGOTr2jCqSkA/o.jpg
$$,"Spent another fabulous brunch on our Galantine Tradition!!!
Food was excellent but I cannot say enough about the service. Our server
Joe Piemonte is the...",5,https://s3-media3.fl.yelpcdn.com/bphoto/iAvC_bmjcSVsA2doclbOqg/o.jpg
$$,Came here on NYE to ring in the new year with some friends however it was very quiet- the restaurant was maybe at 3/8 capacity. We made the most of it and...,4,https://s3-media3.fl.yelpcdn.com/bphoto/Tslxq_8XN6SD9o36RRlFxw/o.jpg
$$,"Ward 8 is excellent! I've been for both dinner and brunch and both menus are great. For Sunday brunch, I really appreciated being seated before the rest of...",4,https://s3-media2.fl.yelpcdn.com/bphoto/QeDSvb3gTbmdYEXRWMUSEA/o.jpg
$$,"Came during brunch around 10am on a Saturday. Reservations can be made online but we were seated immediately and definitely an hour after or so, it started...",4,https://s3-media3.fl.yelpcdn.com/bphoto/HiumA36rVCP4zrPflHMQgw/o.jpg
$$,"The Salty Pig - A Boston Delight for Meat Lovers

As a self-proclaimed foodie, I'm always on the lookout for the next best dining spot. So when I heard...",5,https://s3-media2.fl.yelpcdn.com/bphoto/5UzgfJ2l3LZDBspzRrFfXw/o.jpg
$$,Visited Sister Sorel for a surprise birthday party for a friend.  They staff was very helpful and friendly and the food was great.  Pretty much a spread of...,4,https://s3-media1.fl.yelpcdn.com/bphoto/9s6nQ81jask2xEpCM0izKQ/o.jpg
$$,Great spot. Came here for a quick drink before seeing a show nearby. Ordered the Dirty Shirley (13) and I thought it was pretty decent. I liked the vibe...,4,https://s3-media1.fl.yelpcdn.com/bphoto/WHdZ6m24DWLEI2IWQcWNyA/o.jpg
$$,We met with a friend at Sam's who wanted to have brunch...Not knowing much about the place we took a chance and it was an excellent choice and great...,4,https://s3-media3.fl.yelpcdn.com/bphoto/kxNu0Rup4xNU0B-CElKs5Q/o.jpg
$$$,"Came for restaurant week and enjoyed a great meal. Had oysters as an appetizer, followed by the beef wellington and mini donuts for dessert. My dining...",4,https://s3-media3.fl.yelpcdn.com/bphoto/1ru6obS5SALPmsc31EbYUg/o.jpg
$$,"I dig the decor - an Ouija board on one wall, headless and limbless mannequin on another, and hands tied to long strings of varying length hang above the...",4,https://s3-media4.fl.yelpcdn.com/bphoto/T4shZTU5iRO7o2wyo6MCLQ/o.jpg
$$,"Absolutely perfect. The canales were perfection. Pan au chocolat was one of the lightest and crispest I've ever eaten. Macaron good too, though less...",5,https://s3-media4.fl.yelpcdn.com/bphoto/b-KTA7VrMgNucQerHFjrxA/o.jpg
$$$$,"Went for dinner with two friends to celebrate a recent milestone. Did the chef's 7 course dinner with Chef Barbara.

I liked it. It was good. I had some...",5,https://s3-media3.fl.yelpcdn.com/bphoto/MVdMf4ka_RC_D4tdTyHJZg/o.jpg
$$$,"Sycamore knocked my socks off. Chef Dave Punch has a winning streak of fantastic restaurants in Newton, otherwise known as the holy trinity in Newton Centre...",5,https://s3-media2.fl.yelpcdn.com/bphoto/g8BHpEMbh4crD7Uy4hNqLg/o.jpg
$$,"We have been going to Navy Yard bistro for about seven years. Located in Charlestown's navy yard, close to the USS Constitution and Charlestown's gas light...",5,https://s3-media1.fl.yelpcdn.com/bphoto/WacMFARL-ENeV55BolpRbw/o.jpg
$$$$,"Before COVID we went here rarely because of parking, not being able to get a reservation on short notice, etc...
Craigie has become one of our main takeout...",5,https://s3-media2.fl.yelpcdn.com/bphoto/wPC8bPP1BB_PIcbChWuI2A/o.jpg
$$$,"Incredible. 

Bright warm lighting, comfortable seating, not noisy - a perfect place to bring parents for a nice dinner. Pricy but the food is...",5,https://s3-media3.fl.yelpcdn.com/bphoto/urEQJqsVqKOy44WeGjg6mw/o.jpg
$$$$,Highly recommend making a reservation as they are always pretty packed. This is starting to be our anniversary spot. We always have a very enjoyable...,5,https://s3-media2.fl.yelpcdn.com/bphoto/ea6vXd8SyxeuswXoCIKmrw/o.jpg
$,"Empty around 11:00AM on a rainy Sunday.

Pros:
-Lots of seating

--
Pain au Chocolate ($3.75)
This is a small chocolate croissant--for $3.50 you can get one...",3,https://s3-media3.fl.yelpcdn.com/bphoto/HxkY_U5Wk02Eh8K_jJrTBQ/o.jpg
$$$$,"No 9 Park has been on our Boston need-to-go list ever since we moved here a year ago. A year later, we finally booked our reservation! My husband and I both...",5,https://s3-media3.fl.yelpcdn.com/bphoto/q0HGQ7S8qR9MzxAF11bLxg/o.jpg
$$$,"Don't just go here to eat, go to take some time to experience food.

We had an excellent dinner with interesting taste combinations. The waitstaff happily...",5,https://s3-media1.fl.yelpcdn.com/bphoto/L2CzFJN-jEq1pnhCZpwqIQ/o.jpg
$$$,"Aight, here's the run down.

So we received an invitation from Ford Motors to test drive their cars and in exchange, a complimentary three course meal...",5,https://s3-media4.fl.yelpcdn.com/bphoto/73mdvjrTdnX-DAc6-av_cw/o.jpg
$$$$,"GOODBYE TROQUET--BOSTON COMMONS

Having had many stellar meals and wines at Troquet, overlooking Boston Commons, over the years, we decided to take the...",5,https://s3-media4.fl.yelpcdn.com/bphoto/z6wzTU7VLoTvFrqPUlcRFw/o.jpg
$$$,"We stopped in for an early (5:30 PM) dinner because we had to catch a flight and overall it's a place that I'd want to visit again.  We had the beet salad,...",5,https://s3-media4.fl.yelpcdn.com/bphoto/nCzjsO10b9Qu_6BQBxnTFQ/o.jpg
$$$$,"Bit surprised I haven't reviewed this place before, I've been here for several celebratory meals, all fantastic. But I want to give a rave review of my...",5,https://s3-media3.fl.yelpcdn.com/bphoto/n6sD1jal1DGS_4W0TmL4-A/o.jpg
$$$,Had the best server possible. He was elegant and explained the whole menu and specials. Gave us a wine tasting as he about our trip and decided to treat us...,5,https://s3-media2.fl.yelpcdn.com/bphoto/v5l6Te7Q2uTTfp2SyxR4gw/o.jpg
$$$$,"I'm sad to be writing a much-belated review for Clio as I had the pleasure of an exquisite dining experience here not long before it closed. 

While the...",5,https://s3-media2.fl.yelpcdn.com/bphoto/OtTWaoUGz-kT0kPGV5MP8g/o.jpg
$,"Ordered to go! Classic breakfast/brunch spot. Wish I could stay and eat but was in a rush. A cute spot that's warm and inviting!

Ambiance 

Very cozy...",5,https://s3-media4.fl.yelpcdn.com/bphoto/bjZB_Mrhli3sYRS729z7sg/o.jpg
$$$,"Directly across from work I have to be a fan.
Dollar oysters are the real deal. (4-6 and 9-10) UM SLURP.

This place is kinda hidden on a dead end ally and...",4,https://s3-media1.fl.yelpcdn.com/bphoto/aGnuFx8E3O5X1iVp1utZAA/o.jpg
$,You know how it is when you really want a meatball parm? Well that happened to me today and it was Roy's to the rescue. Even though I was lugging my...,5,https://s3-media2.fl.yelpcdn.com/bphoto/QDhwu5gc5QgdSIRVtJwaTA/o.jpg
$$,Really cute little lounge that's open late and has surprisingly delicious food! We arrived around midnight and we're promptly seated and the waitress was...,5,https://s3-media1.fl.yelpcdn.com/bphoto/2_Dba1snTBMcEbTuflxj9w/o.jpg
$$,Hands down the best burger in Boston. Came here for lunch on 10/24/19. I'm a huge burger guy and I've tried many especially in LA and this is up there with...,5,https://s3-media2.fl.yelpcdn.com/bphoto/b6JvSvlGsKAKynaznd7tKg/o.jpg
$,"A eulogy: Heartbroken to see this place closed. 

This was the only food place I made sure to visit EVERY time I came through Boston. I strode through DTX...",5,https://s3-media3.fl.yelpcdn.com/bphoto/p9436fJIO3ZViv2dSFfwBw/o.jpg
$$,"The seafood always seems fresh, and their rolls are delicious. it's very affordable and my orders are always ready quickly",5,https://s3-media4.fl.yelpcdn.com/bphoto/mgLVOajpPeu5nmVy1ST8XQ/o.jpg
$$,"Ridiculously expensive? Yup. Super hyped and publicized? Yup. Freaking delicious? Absolutely. I've tried nearly all of their sandwiches, and all are good,...",5,https://s3-media4.fl.yelpcdn.com/bphoto/0Dx6vF9tQ30SvcpFylzENA/o.jpg
$,"My go to lunch spot 3-4 days a week. Excellent sandwiches, chicken wings, to die for soups, salads are the bomb (Caesar dressing is so so good), and they...",5,https://s3-media1.fl.yelpcdn.com/bphoto/1haQRcxSuY_fx1Zxgpt2rA/o.jpg
$,"Simply the best bakery(square)  pizza, arancini, panzaroti, and calzone (and all the other things.) The owner was born in Italy and has been doing this for...",5,https://s3-media1.fl.yelpcdn.com/bphoto/tNZbSM1ZOvju9zevxv_JZw/o.jpg
$,"Damn good sandwiches. It's all about the bread and Oliver's does bread right.

I had the Chicken Parmesan Sandwich. It wasn't how you would traditionally...",4,https://s3-media4.fl.yelpcdn.com/bphoto/td_-7QuNda-fty4wDrDMcg/o.jpg
$,"The location is pretty sketch - falafel house used to be here but ever since they moved, its been pretty empty and low traffic. However, Banh Mi House...",5,https://s3-media1.fl.yelpcdn.com/bphoto/Fe0TI6sJkz8-3nfPaKB5-Q/o.jpg
$$,"Oh my gosh, my only regret about Pauli's is not stopping by for a philly cheesesteak before my flight back to Los Angeles. After asking around and doing my...",5,https://s3-media2.fl.yelpcdn.com/bphoto/9hiaqb7nzzTEwTPMZkWCUQ/o.jpg
$$,"The nicest freakin' staff at any coffee shop I have ever been to.  I live in Union Park and come here pretty regularly ~ they are the nicest, kindest, most...",5,https://s3-media4.fl.yelpcdn.com/bphoto/Seegj2JfvchkwYqHt56-MQ/o.jpg
$$,I don't usually crave sandwiches cause they're usually overloaded so when I bite into it everything just oozes out the back or its back to the middle school...,5,https://s3-media2.fl.yelpcdn.com/bphoto/Z9R_BTp-ot5ZngWqIKobGw/o.jpg
$,I think they're adding some kind of addictive drug to these subs because babyyyyyy I've ordered from here 2 days in a row and plan on it again tomorrow!!!...,5,https://s3-media4.fl.yelpcdn.com/bphoto/wRDdd5GT1_zEEGDLTOUqvw/o.jpg
$$,A great south end neighborhood cafe spot! Great for quick catch-ups and a good work spot (with wifi!) during their less busy hours into the evening. The...,5,https://s3-media2.fl.yelpcdn.com/bphoto/mBzaOE4eOJ0j0bK3KBIvIA/o.jpg
$,"TL;DR: Al's is a phenomenal place to grab a sandwich for lunch. The service is quick, the value is excellent, and the sandwiches are delectable, LOADED with...",5,https://s3-media4.fl.yelpcdn.com/bphoto/IUYrllyBbPhrOt7egq_YgA/o.jpg
$,Absolutely hit the spot. Amazing local place with relatively reasonable prices and great portions. Called in for the sandwich and it was ready right on time...,5,https://s3-media2.fl.yelpcdn.com/bphoto/l_HJzF6tXcEnF_oeDjSNeQ/o.jpg
$,Best $7 steak/roast beef sandwich I ever had! A little hard to find if you are walking down St. James. You have to enter 31 St. James. Back Bay is next to...,5,https://s3-media4.fl.yelpcdn.com/bphoto/OE06za9_VlRZY-kYJLMO0g/o.jpg
$,"I spent the first few years of my life just a few blocks away and remember having walked past Billy's countless times, but somehow haven't made it inside...",5,https://s3-media1.fl.yelpcdn.com/bphoto/ks75r8uBxj4fcR9Ah7YApA/o.jpg
$,"(Review edited for content - PG version)

So if you want a perfect feast
And you don't mind ingesting some yeast
No, I don't mean infection
So please hide...",5,https://s3-media3.fl.yelpcdn.com/bphoto/F0ic5wbXiEV5XXhWuYbIrw/o.jpg
$$,Really cute little lounge that's open late and has surprisingly delicious food! We arrived around midnight and we're promptly seated and the waitress was...,5,https://s3-media1.fl.yelpcdn.com/bphoto/2_Dba1snTBMcEbTuflxj9w/o.jpg
$,"the coffee was delicious and cute & the avocado stack was SO good - the sauce was delicious 

came on a Tuesday morning so seating was easy. can agree that...",5,https://s3-media3.fl.yelpcdn.com/bphoto/k6oAprbPP8UiP4MEk-E1OA/o.jpg
$,"Just went here the other day to work and it was a cute and quaint cafe. The iced latte I had was really delicious, tons of flavors for syrups and little...",5,https://s3-media3.fl.yelpcdn.com/bphoto/9K_zYXP8H5RzUUckjeMBtw/o.jpg
$,"I love this little cafe located right in Downtown Crossing!
It's located at the back of Franklin Street (behind 77 Franklin) with doors on the side (Arch)...",5,https://s3-media3.fl.yelpcdn.com/bphoto/QjEkVdHIf_pyPMZenaYk7Q/o.jpg
$,"There are so few breakfast places in the North End, but this one is a favorite if you love breakfast sandwiches. They are HUGE but so fresh and they make it...",5,https://s3-media3.fl.yelpcdn.com/bphoto/rv7YGA0lXTCuWfKCFCkcBQ/o.jpg
$,"Loved this place. Amazing coffee and staff! 

Visited Boston for the weekend and had a wonderful cafe experience here at Render! Got the Peppermint Mocha...",5,https://s3-media4.fl.yelpcdn.com/bphoto/WCM6v1mrr8d5N_ql7OqRHg/o.jpg
$,My experience at this specific Capital One location has made me question why I ever banked anywhere else. I have been a Wells Fargo customer for my entire...,5,https://s3-media3.fl.yelpcdn.com/bphoto/Fr6BQQR-S7-u4NXIHeGRJQ/o.jpg
$,"Today i want to eat something healthy so i found this place. 

Its a buffet with turkish theme dishes. and I am so happy i made this decision. 

EVERYTHING...",5,https://s3-media2.fl.yelpcdn.com/bphoto/lOqw209SW5djrTZnSB7Ciw/o.jpg
$$$,"I came here with my wife, her friend, and my son.  We had thought to go to the place next door but the line was ridiculous and we had a flight to catch.  So...",4,https://s3-media1.fl.yelpcdn.com/bphoto/zPsdd-RWkUWNAXkzGe1WDg/o.jpg
$,This is a very conveniently located new type of Cafe/bank set up.  Shannon was the bank representative who patiently and warmly helped me my banking...,5,https://s3-media3.fl.yelpcdn.com/bphoto/sHG2lXA3UJkf9j8VKjVjBg/o.jpg
$,Pernil sandwich (roast pork) with everything was delicious. Small was big enough. Came with shredded lettuce tomatoes pickles mayo ketchup and mustard....,5,https://s3-media4.fl.yelpcdn.com/bphoto/AitTTde_GByWdxdlaNXgcg/o.jpg
$,"Lovely cafe to study or get a bite for lunch. Their signature dark roast is called True Blue, and it's fantastic. If you're in a hurry there's also a...",4,https://s3-media1.fl.yelpcdn.com/bphoto/HvKUBlYqSP3TR5XBhEJSQg/o.jpg
$$,I was pleasantly surprised at how delicious the grilled cheese was. They grill it up at the counter for you and I like to have mine double toasted. They are...,5,https://s3-media1.fl.yelpcdn.com/bphoto/T8gfB4jgwZFGPMKu_DNweg/o.jpg
$,Having lived in Australia for many years I quickly became accustomed to great tasting coffee so when I randomly found Flat Black and spotting the kangaroo...,5,https://s3-media1.fl.yelpcdn.com/bphoto/UVIajzNw8Np7XPr05v3qXg/o.jpg
$,"Friendly and attentive staff. Ordered a breakfast  bowl and pastry for my wife and me. Came with fresh cut avocado and was very good. 

When the line was...",5,https://s3-media2.fl.yelpcdn.com/bphoto/TakBDvXPJJliNVh_c20b2g/o.jpg
$,"I am going to tell you right now, the espresso drinks here are fantastic, but you need to be willing to take out a second mortgage on your home to afford...",4,https://s3-media1.fl.yelpcdn.com/bphoto/2GGu3Y8P_rd1mTU5jCTCwQ/o.jpg
$$$,"I ordered lunch today (for pick up), and it's truly one of the best meals I've had in my life. Not only Stella is one of the only open restaurants in the...",5,https://s3-media4.fl.yelpcdn.com/bphoto/u1QaerSfiedEhpyu9jvLyw/o.jpg
$,I've been in here several times as I have business in the Ashburton building. The cafe is open (once you clear security) and located down an escalator....,4,https://s3-media2.fl.yelpcdn.com/bphoto/vWcGoEzza7zMymkggVysAQ/o.jpg
$,"This is in a MALL food court, so please adjust your expectations accordingly.

That said, the food is very, very good and priced reasonably.  I was also...",5,https://s3-media1.fl.yelpcdn.com/bphoto/jkYTQm9DldHlqzzSjMJ7lg/o.jpg
$$,"I am writing this review based on the ""past"" owners AMAZING restaurant/cooking!

I will write another review when I try a meal with the new owner's food

So...",5,https://s3-media2.fl.yelpcdn.com/bphoto/CHLnHqMvlOBEHSMDlFZXFQ/o.jpg
$,"Guru food is tasty 
I really enjoy Guru food. Further
He has a special take out after 
10pm at a very discounted price.
Their prices are reasonable n...",5,https://s3-media2.fl.yelpcdn.com/bphoto/S86qTBUT2EJGFN3pXq9GLw/o.jpg
$$,"I'm a Indian food connoisseur minus the breadth of knowledge--I just really like Indian food and Tikki Masala makes my tummy feel good. 

I went on a Monday...",5,https://s3-media2.fl.yelpcdn.com/bphoto/Hkkw4mz_DXshfvxTpygIiA/o.jpg
$$,"Over the Years I enjoy shopping at this place, each time is educational visit, I get what I wanted and I discover new items always. Great options for tea,...",5,https://s3-media1.fl.yelpcdn.com/bphoto/VCEZhaXB5YpkgF3a-7DNZQ/o.jpg
$$,"I was craving Indian food and wanted to try a new spot, and I have no regrets!!

I went during lunch for the cheaper lunch prices and got Chicken Tikka...",5,https://s3-media2.fl.yelpcdn.com/bphoto/Q03tiuW6y3Wj3OEnsQQs6g/o.jpg
$,"Had a good veg biriyani. Samosas were not that great. The delivery was on time and service is fine.

It does not have many seatings so difficult for large group",4,https://s3-media2.fl.yelpcdn.com/bphoto/aPTaXUmGVxhX_ugpbDmjBA/o.jpg
$$,"Don't let the dingy space fool you - the food is GOOD (and NOT expensive at all for how much food you get!) 

FOOD: You got a lot of bang for your buck! We...",5,https://s3-media2.fl.yelpcdn.com/bphoto/z2Yij1LQTtuKczwRsS7sPg/o.jpg
$$,I was thrilled to find an Indian buffet spot! A lot of them stopped offering buffet during the pandemic and never brought it back. Weekend lunch buffet is...,4,https://s3-media3.fl.yelpcdn.com/bphoto/5ls1t9FkIzOVARq8CH5sFw/o.jpg
$$,"Honestly, Shanti is hands down the best Indian restaurant around Dorchester/Boston area that I ever tried. Indian cuisine is on my list of top 5 favorite...",5,https://s3-media1.fl.yelpcdn.com/bphoto/rq4fK9R_RhWoV8l1iwe-Pw/o.jpg
$$,"BEST SOUTH INDIAN FOOD - HIGHLY RECOMMEND 

I tried this place for the first time and really loved the food. I ordered Rava Onion masala Dosa and Madhurai...",5,https://s3-media3.fl.yelpcdn.com/bphoto/9jRGhIspAYV5VVU6Joh5Tg/o.jpg
$$,"DELICIOUS takeout. I ordered Chicken Tikka, Samosas, Lentil Soup, and Garlic Naan - all delicious! And they pack up all of the sauces you need for...",5,https://s3-media2.fl.yelpcdn.com/bphoto/6pzUQm7FUgGJse-wDceGdA/o.jpg
$$,the food here is absolutely delicious -- a definite must-try if in the boston/cambridge/somerville area!,5,https://s3-media3.fl.yelpcdn.com/bphoto/cLTiB0PE8LFFqlqEgZa1cg/o.jpg
$$,"Nice place, food was worth the wait.  
Service with a smile from Alam! Really great guy who is passionate about food. 
Will come again when I visit.",5,https://s3-media2.fl.yelpcdn.com/bphoto/iTdMfHzGedmzqVAYHEJ8Tg/o.jpg
$,"My friend was raving about how this place has the best biriyani she's ever had in her life, and she lived in India for 20 years. I've never been to India...",4,https://s3-media3.fl.yelpcdn.com/bphoto/Q5pNxamvrpZUn8TbYEVIBA/o.jpg
$$,"Went here post the East Cambridge Chicken Run. We were all obsessed with the bread and the dishes we ordered, Will be coming back forsure - top quality...",5,https://s3-media2.fl.yelpcdn.com/bphoto/xtgaZnUg9Gy7LNGnbPVKYA/o.jpg
$$,"I am used to eating at Darbar in San Francisco which is also a Pakistani/Indian place with a buffet lunch. This place is really good, maybe some of the best...",5,https://s3-media2.fl.yelpcdn.com/bphoto/vdDl6LWJ6uy8gCOJ5VS95w/o.jpg
$$,"Came here for dinner with some friends, they seated us pretty quickly.

The portions were huge! One quick note though, the waitress didn't ask us about...",4,https://s3-media4.fl.yelpcdn.com/bphoto/FdQv6mXCkNMqNnuL7_ikDA/o.jpg
$,Really good chicken tikka pizza ($10) and super mangoey mango lassi ($2.50). The naanizza had a good crust to hold the thick sauce and large deliciously...,4,https://s3-media2.fl.yelpcdn.com/bphoto/P6jib_Y90iiO_1ipYHftuQ/o.jpg
$,"Wow, this location is fantastic! The flavors and spices are perfectly balanced. The garlic naan they provide is the greatest I've yet to eat. They have...",5,https://s3-media2.fl.yelpcdn.com/bphoto/1T-DlnVMBXll65BHmiqHQg/o.jpg
$$,"The seafood always seems fresh, and their rolls are delicious. it's very affordable and my orders are always ready quickly",5,https://s3-media4.fl.yelpcdn.com/bphoto/mgLVOajpPeu5nmVy1ST8XQ/o.jpg
$,The best sushis! The service was fantastic and fast and prices were reasonable considering the quality.  Lots of tasty choices and tasted fresh which is the...,5,https://s3-media2.fl.yelpcdn.com/bphoto/6cYrPPvXGJD44--PXzmXlA/o.jpg
$$,"It's taken me a long time to find my favorite sushi in Boston, and this is it! It's so good I had it twice in the span of four days. We first came here on a...",5,https://s3-media3.fl.yelpcdn.com/bphoto/Z5ZbO_OgCJp5Jv4PejyBiQ/o.jpg
$$,"This place was a real treat.  I love shabu shabu and they deliver here.  I had the sliced beef in a kimchee broth, which was very spicy and a nice touch....",5,https://s3-media3.fl.yelpcdn.com/bphoto/gLnxxZJVXMtt4kCQAdwFnw/o.jpg
$$,"solid delicious sushi for reasonable prices in mission hill! happy to have found this place!
yes, they have lunch specials! their lunch specials come with a...",5,https://s3-media2.fl.yelpcdn.com/bphoto/JEMHcFHF_tU5FTH9Yi4n1Q/o.jpg
$$,"High quality sushi!  We were able to grab a table here with no problems at 6pm during the weekday.

Items we ordered as of 1/2023:

- Irashi Combo for 2 -...",5,https://s3-media2.fl.yelpcdn.com/bphoto/EGhIKaX87adqoj-0pgLUCw/o.jpg
$$$,I took a good buddy of mine to his favorite Japanese restaurant since he had flown from Minnesota to Boston. Although though this Japanese restaurant has a...,4,https://s3-media3.fl.yelpcdn.com/bphoto/zqT3lenOgGQCq4iN_4pWYQ/o.jpg
$$,"This place was an absolute vibe! Took the wifey out and honestly stumbled upon it last minute. I truly felt the ingredients were so fresh, and good value,...",5,https://s3-media3.fl.yelpcdn.com/bphoto/hvX5w47pk4Jr3MWuSVtiAA/o.jpg
$$$,Sooooo good!  Staff are personable and know the menu. I have a sodium restriction and they easily steered me towards the best ideas. I had a sushi grade...,5,https://s3-media2.fl.yelpcdn.com/bphoto/wJgtgzCF9EDXFvEzUeupHw/o.jpg
$$,"I've been coming to this place for the last 10 years. Best sushi in Boston. The bartenders and staff are great. If you see Tony, ask him what team to bet on...",5,https://s3-media2.fl.yelpcdn.com/bphoto/KnkmMOsF89TM4cdEUpVcMQ/o.jpg
$$$,"First time hot pot, don't usually leave reviews but am inspired by the great experience, food and service (thanks to Johnny, who took great care of us)!",5,https://s3-media4.fl.yelpcdn.com/bphoto/fBtAMu25uFqRvXbGdJ1qlQ/o.jpg
$$,I really love the quality of sushi at their Beacon Hill branch so I decided to try the sushi here. I've never tried their other menu items before but the...,5,https://s3-media3.fl.yelpcdn.com/bphoto/evkmTcXeh5bXdxpSBXiceQ/o.jpg
$$,"The moment we arrived in Boston, I immediately had a Korean food craving. Jumped on Yelp and found Seoul.

The Korean appetizers were delicious and we...",4,https://s3-media4.fl.yelpcdn.com/bphoto/kQvST25Qu9wIvq1cA5GFIQ/o.jpg
$$$,"Landed in Boston on business and missed dinner with co-workers, so decided to go for something on the light side and found this already highly rated sushi...",5,https://s3-media4.fl.yelpcdn.com/bphoto/dMCB4NVk0_GVVnFZwuI1cA/o.jpg
$,"Great quick place to eat something that isn't 
Wendy's macs or subway. 
Food court sushi quick easy satisfying 
Good attentive people also. 
1010 would...",4,https://s3-media2.fl.yelpcdn.com/bphoto/Qwyaf-8GU3dE-_OYRQ0I_A/o.jpg
$,"Day-umn! Don't let its tiny size or cramped location fool you: T Sushi is the French Laundry of food court stations! 

The miso soup that comes with combos...",5,https://s3-media1.fl.yelpcdn.com/bphoto/C9xL7gxlZtnBDRmXE7sYvw/o.jpg
$$,"Intimate close seating with options of either eating outdoors during the warmer seasons, ground level, or upstairs. 

Usually upstairs has less people but...",4,https://s3-media4.fl.yelpcdn.com/bphoto/JuSGeUvO6Du0rApP-gatPg/o.jpg
$$,"I had a great experience here for dinner. I ordered a Japanese sidecar which was delicious. They have a really nice selection of drink options, including...",5,https://s3-media3.fl.yelpcdn.com/bphoto/5Mz_6bxBvXBDekZu-YnSaQ/o.jpg
$$$$,I don't know how everyone doesnt give this five stars. Maybe some people are expecting traditional sushi and this is not the place for that. Uni amazes with...,5,https://s3-media3.fl.yelpcdn.com/bphoto/HeGpp6wfZFX-xLqK4U_NEA/o.jpg
$$$,I LOVE RED LANTERN! Hahahhaa Red Lantern gave me some of my favorite memories from business school :') I threw two parties here and both were super...,5,https://s3-media2.fl.yelpcdn.com/bphoto/OHG-I8L4nYeNvb1sDIf-AQ/o.jpg
$$$$,"Beyond amazing!  One of the best if not the best omakase experience I've ever had.  Beautiful, delicious, creative and unique flavors. 

Ambiance was great...",5,https://s3-media3.fl.yelpcdn.com/bphoto/1BF3QAoZmY9fXfwgb4rIXg/o.jpg
$,The best sushis! The service was fantastic and fast and prices were reasonable considering the quality.  Lots of tasty choices and tasted fresh which is the...,5,https://s3-media2.fl.yelpcdn.com/bphoto/6cYrPPvXGJD44--PXzmXlA/o.jpg
$$,"Great concept- select your own sashimi and they make a sashimi bowl for you out of the fish you selected.

Sashimi that I saw in their cases- fatty tuna,...",5,https://s3-media2.fl.yelpcdn.com/bphoto/kgkwuJz1Mq0AemPXT4p59w/o.jpg
$$,"This place is a true treasure.  Their staff was extremely helpful and courteous.  The food was excellent.  

The food was tasty.  My wife and I each had our...",5,https://s3-media1.fl.yelpcdn.com/bphoto/5UPpaFMPd10lRa2vGlh9hQ/o.jpg
$$,"It's taken me a long time to find my favorite sushi in Boston, and this is it! It's so good I had it twice in the span of four days. We first came here on a...",5,https://s3-media3.fl.yelpcdn.com/bphoto/Z5ZbO_OgCJp5Jv4PejyBiQ/o.jpg
$$,"This place was a real treat.  I love shabu shabu and they deliver here.  I had the sliced beef in a kimchee broth, which was very spicy and a nice touch....",5,https://s3-media3.fl.yelpcdn.com/bphoto/gLnxxZJVXMtt4kCQAdwFnw/o.jpg
$$,"solid delicious sushi for reasonable prices in mission hill! happy to have found this place!
yes, they have lunch specials! their lunch specials come with a...",5,https://s3-media2.fl.yelpcdn.com/bphoto/JEMHcFHF_tU5FTH9Yi4n1Q/o.jpg
$$,"What a great way to start out 2023 with a solid 4/5 star rating!

I've dined at Kaze several times now, but I feel confident in giving them 4 solid stars....",4,https://s3-media1.fl.yelpcdn.com/bphoto/IXO_ggHsLSHMFJlWT6Ql1A/o.jpg
$$,"High quality sushi!  We were able to grab a table here with no problems at 6pm during the weekday.

Items we ordered as of 1/2023:

- Irashi Combo for 2 -...",5,https://s3-media2.fl.yelpcdn.com/bphoto/EGhIKaX87adqoj-0pgLUCw/o.jpg
$$$,I took a good buddy of mine to his favorite Japanese restaurant since he had flown from Minnesota to Boston. Although though this Japanese restaurant has a...,4,https://s3-media3.fl.yelpcdn.com/bphoto/zqT3lenOgGQCq4iN_4pWYQ/o.jpg
$,"Every time I go there I'm greeted with a smile. The two owners/chefs make their food from scratch and they always make it delicious.

The Bibimbap and the...",5,https://s3-media3.fl.yelpcdn.com/bphoto/ajGXqyfq24bK7FYLwSKZXw/o.jpg
$$,"This place was an absolute vibe! Took the wifey out and honestly stumbled upon it last minute. I truly felt the ingredients were so fresh, and good value,...",5,https://s3-media3.fl.yelpcdn.com/bphoto/hvX5w47pk4Jr3MWuSVtiAA/o.jpg
$,"The ramen in this place is extraordinary.
The staff is friendly and attentive and the ambience is relaxed, classy and intimate.
You have not had ramen until...",5,https://s3-media1.fl.yelpcdn.com/bphoto/O42WKsxQUIfboq5IgvizXQ/o.jpg
$$,"I've been coming to this place for the last 10 years. Best sushi in Boston. The bartenders and staff are great. If you see Tony, ask him what team to bet on...",5,https://s3-media2.fl.yelpcdn.com/bphoto/KnkmMOsF89TM4cdEUpVcMQ/o.jpg
$$,I really love the quality of sushi at their Beacon Hill branch so I decided to try the sushi here. I've never tried their other menu items before but the...,5,https://s3-media3.fl.yelpcdn.com/bphoto/evkmTcXeh5bXdxpSBXiceQ/o.jpg
$$,"The moment we arrived in Boston, I immediately had a Korean food craving. Jumped on Yelp and found Seoul.

The Korean appetizers were delicious and we...",4,https://s3-media4.fl.yelpcdn.com/bphoto/kQvST25Qu9wIvq1cA5GFIQ/o.jpg
$$$,"Landed in Boston on business and missed dinner with co-workers, so decided to go for something on the light side and found this already highly rated sushi...",5,https://s3-media4.fl.yelpcdn.com/bphoto/dMCB4NVk0_GVVnFZwuI1cA/o.jpg
$$,"Intimate close seating with options of either eating outdoors during the warmer seasons, ground level, or upstairs. 

Usually upstairs has less people but...",4,https://s3-media4.fl.yelpcdn.com/bphoto/JuSGeUvO6Du0rApP-gatPg/o.jpg
$$,"I had a great experience here for dinner. I ordered a Japanese sidecar which was delicious. They have a really nice selection of drink options, including...",5,https://s3-media3.fl.yelpcdn.com/bphoto/5Mz_6bxBvXBDekZu-YnSaQ/o.jpg
$$,"Another amazing sushi spot with one of the more extensive menus I've seen and great lunch deals.

I love sushi.",4,https://s3-media1.fl.yelpcdn.com/bphoto/xDoC3ZfGn6XfS07L1giphg/o.jpg
$,"The OG place for some good egg puffs. Classic flavour is the way to go. She has been here for year and doles them out pretty quick for made to order.
It's...",5,https://s3-media4.fl.yelpcdn.com/bphoto/od7hYZbmsQ4lycTKF2mhBw/o.jpg
$$,"This place is a true treasure.  Their staff was extremely helpful and courteous.  The food was excellent.  

The food was tasty.  My wife and I each had our...",5,https://s3-media1.fl.yelpcdn.com/bphoto/5UPpaFMPd10lRa2vGlh9hQ/o.jpg
$$,"I have a distinct memory of disliking this place at one point, but it might have just been a bad date.  So that's a tip for you all, only bring good dates...",4,https://s3-media1.fl.yelpcdn.com/bphoto/CSSmYu9DFH0IXz5n0Mx-3g/o.jpg
$$,"This is actually such a hidden gem in Chinatown. So much so that I struggled to find it the first time (it's located in the basement, at the corner). The...",5,https://s3-media2.fl.yelpcdn.com/bphoto/pCTcuVxLWbt-Pv-cqaZH5w/o.jpg
$,"BBQ combo $12 each: Duck + char siu & chicken + Duck.  Generous amount of rice and decent portion of meat, delicious!! 

I used to come here all the time...",5,https://s3-media1.fl.yelpcdn.com/bphoto/KeGUJb3N1URI1EMF8NsPyg/o.jpg
$$,"If you love dive bars, *and* old-school Americanized Chinese food - this place hits all the right marks. Recommend dining in rather than takeout. There's a...",5,https://s3-media1.fl.yelpcdn.com/bphoto/mM--NCOG5_2ybio8YWLzAw/o.jpg
$,"*** 5/2019 ***

It was hot, so I decided to treat myself to a watermelon shake at New Dong Khanh.  $3.50 for the smaller size.

Turns out, I wasn't the only...",4,https://s3-media3.fl.yelpcdn.com/bphoto/zVXZeW-K_DS_XjeUeFDFnQ/o.jpg
$,"If you are in the Downtown area and you want just a little something to snack on that is warm, crispy yet creamy, and not necessarily good for you, being...",4,https://s3-media1.fl.yelpcdn.com/bphoto/sq2x3AmVucmMh6m4RQK-Ng/o.jpg
$$$,"First time hot pot, don't usually leave reviews but am inspired by the great experience, food and service (thanks to Johnny, who took great care of us)!",5,https://s3-media4.fl.yelpcdn.com/bphoto/fBtAMu25uFqRvXbGdJ1qlQ/o.jpg
$,"Surprisingly great, and open late. 

Why 5 stars? Sure, not everything is fantastic, but most dishes are pretty good, and given the cheap prices, and the...",5,https://s3-media2.fl.yelpcdn.com/bphoto/EalOd7G2KTTQ-FC15H3MLQ/o.jpg
$$,"China town...
Understand the culture.
The value, the history...sooooo
When you go to a rib joint, or mexican 
Or Texas steak house or Something
Everyone...",5,https://s3-media3.fl.yelpcdn.com/bphoto/4UFUn-z_gXjw6oFabQsn2w/o.jpg
$$,"Although the room is chilly the food is HOTTTTTTT!
Lmao it's so good! Service is good. Music and vibe are awesome. 

Get the bolognese and the wings. Thumbs up",5,https://s3-media4.fl.yelpcdn.com/bphoto/R65SqFSMF-fnHIicJMaTrQ/o.jpg
$$,"Overall: operated as more of a cafe with SOME seating and a lot of take out options. Very typical ""3.5 star"" Chinese eatery so expect the stereotypical...",4,https://s3-media4.fl.yelpcdn.com/bphoto/KvjuICtLUKrcdllCNg2lOA/o.jpg
$$,Great food every time I order their food is never dry always comes hot. It is very delicious.,5,https://s3-media3.fl.yelpcdn.com/bphoto/PoqMGlUtge6TMUAmnd42IA/o.jpg
$,"The place is a little bare, but it has a warm feeling to it. They're set up for mainly to go and delivery orders, but they still have bar seating along the...",4,https://s3-media1.fl.yelpcdn.com/bphoto/qQ5TZwXk8xZogqC7Zt540Q/o.jpg
$$,"Quick dim sum stop but really good!

Had har gow and pork soup dumplings 

Both highly recommended 

Friendly staff!",5,https://s3-media1.fl.yelpcdn.com/bphoto/Mzbr1iUlnGHRz6LWw0RPgw/o.jpg
$$,The most incredible dumplings.  Large menu a lot of options.  Fast service.  Great food.  I've been here so many time.  Shrimp dumplings are awesome,5,https://s3-media4.fl.yelpcdn.com/bphoto/ykhJf2M0kPEJhXKtWdNXwg/o.jpg
$,"This was my first time going to Tenoch and it was awesome! It is a cool spot in east Cambridge. I'm not sure if parking is a convenient option, but it is...",5,https://s3-media4.fl.yelpcdn.com/bphoto/wiN501i9KCMYy45psvtUMw/o.jpg
$$,"They have two locations, one down maverick and one in orient heights. Both are equally delicious. Super flavorful food, great drinks, better prices, and the...",5,https://s3-media4.fl.yelpcdn.com/bphoto/dpvT9fAnSkNx9DugH0aIWw/o.jpg
$$,"Best birria tacos in Boston!!! 

The tortillas were crispy and the beef was juicy. The consomé was perfect and complimented the tacos well. Definitely eat...",5,https://s3-media2.fl.yelpcdn.com/bphoto/u0bDrfJsHs3qsF3ZRXF6gg/o.jpg
$,"Once again, I found a gem. New to Boston this week and will be here for awhile. So I'm always looking for a new place to eat. Today , I just sat out walking...",5,https://s3-media2.fl.yelpcdn.com/bphoto/JMMue_MxQFGCQlMqBZNJyw/o.jpg
$,"Every time I come to Taco Party, I am reminded how good it is. The taste pairings for each taco offering is incredible. 

The rice and beans side is great...",5,https://s3-media4.fl.yelpcdn.com/bphoto/U4Ena6k4N68dcxX3L-_6KQ/o.jpg
$,"Best tacos in my life.

I always buy 3 tacos with cheese and different kind of meats. I like it so much. Absolutely amazing taste.",5,https://s3-media4.fl.yelpcdn.com/bphoto/yvgrDUjn4O0OHyP8svWLOg/o.jpg
$$,"Came here for breakfast right before the waitlist started so we got really lucky

Pros:
- Angela's Special and Deluxe Rancheros con Chorizo was delicious...",5,https://s3-media3.fl.yelpcdn.com/bphoto/zfRy1hq0_aLvCv62g5Ky1Q/o.jpg
$,"As of February 24, 2017, 3:00PM, this place is officially CLOSED!! :(

Thank you, Pedros, for being such a reliable and amazing fixture in Downtown Boston....",5,https://s3-media3.fl.yelpcdn.com/bphoto/WAqGDhs7D0_73W8TEUA4GQ/o.jpg
$$,"Working late nights, finding an open place for good, hot food is a weekly challenge. Low and behold La Cancun -- in East Boston near Maverick Station. Open...",5,https://s3-media4.fl.yelpcdn.com/bphoto/NuCsZIRlOaYpuJFhPzqG1w/o.jpg
$,"Always friendly and super quick! Boloco is great everywhere but this one is always superb. 

They are on some ordering apps like MealPal where you can get...",4,https://s3-media1.fl.yelpcdn.com/bphoto/ZtcAorB_OILBUJ_7KR2ZtA/o.jpg
$$,The 5 stars are for their 1$ Oyster Mondays and 2-3.5$ Taco Tuesdays! The place is packed and I'd recommend reservations if you're coming with a group....,5,https://s3-media1.fl.yelpcdn.com/bphoto/eZDgOfEq_EPBFAkgWFihKg/o.jpg
$$,"The Back Bay location is open again! We made a reservation (a month in advance) for Valentines Day and were so happy we did. 

To start, they gave us the...",5,https://s3-media2.fl.yelpcdn.com/bphoto/k4ogqYogz19UO9hQ677iTA/o.jpg
$,"Today I went into Boloco, as I have done many times in the past, but today was different. Today Victor was working.
As soon as I got towards the register...",5,https://s3-media3.fl.yelpcdn.com/bphoto/hnGtMMhxYphGFl_QaAthEQ/o.jpg
$,Came here for a breakfast burrito ($7.00). I actually called ahead to order and the woman who answered didn't speak English so she got another worker who...,4,https://s3-media2.fl.yelpcdn.com/bphoto/VTGTBFQVxEuRzDArIfMSaw/o.jpg
$,"Haven't been in long time and will
Be going more !  Staff was great ! Depak, an employee there , made me a great burrito on his suggestion and was a class...",5,https://s3-media1.fl.yelpcdn.com/bphoto/S81c1c2DaOSbLNfFjZ9-JQ/o.jpg
$,"The flavor is so good! The burritos and quesadillas are fully packed.

I was so hungry I forgot to take a picture, but take my word it was delicious.

I...",5,https://s3-media1.fl.yelpcdn.com/bphoto/nb5FDi890vaGyoze90eHFw/o.jpg
$,"My go to place for burritos , fajitas (I like the shrimp fajita wrap), tacos (all kinds) and nachos (one of the best in the city). This place make look like...",5,https://s3-media2.fl.yelpcdn.com/bphoto/TKGBk_YZyJGQLSCQ3lCtXg/o.jpg
$,Honestly this place has the BEST quesadillas in Boston hands down. The first time I got it I was drunk so I had to try it again and I did the next day....,5,https://s3-media1.fl.yelpcdn.com/bphoto/_JYDvfoxWF_CI4szlQeNMA/o.jpg
$$,"Food was really tasty and came out very fast. Great date spot and atmosphere. Will definitely go back. 

We had 
* Corn Bread - really good
* Carne Asada...",4,https://s3-media4.fl.yelpcdn.com/bphoto/CCbMJ0qYlYAB3GJ8DA-pFg/o.jpg
$$,They have changed their menu slightly. Our take-out consisted of the corn cake appetizer: YOU MUST TRY THIS! IT IS INCREDIBLE!!! So light and naturally...,5,https://s3-media1.fl.yelpcdn.com/bphoto/XfjXa45gHcAP1_MZSe9NJg/o.jpg
$$,"Authentic, reasonable Thai in Revere? Go figure.  Stopped here after Boston Comicon, (can you tell I'm a closet geek)?  The food was excellent, I ordered...",4,https://s3-media2.fl.yelpcdn.com/bphoto/VV54kfNOa-fSJYMcnp6fqA/o.jpg
$$,Fun Chelsea spot with an AMAZING atmosphere and tasty foods. The little touches (like watermelon slices in the water) are really charming and feel pampering...,5,https://s3-media1.fl.yelpcdn.com/bphoto/d_rsg48fdO4iHSAxx9MADg/o.jpg
$$,"The Thai food and drink was amazing and had the perfect amount of spiciness. Great food service as well until they got buay, which is to be expected. Great...",5,https://s3-media4.fl.yelpcdn.com/bphoto/RZQZWzgSyk2WGVUHsdiF4w/o.jpg
$$,Updating my review from a few years ago to say that they recently got a new server who makes this spot go from great to outstanding! She puts so much care...,5,https://s3-media3.fl.yelpcdn.com/bphoto/qFIMjtDE6nCiRxBsipxGdA/o.jpg
$$,"I used to come here a lot while I was in college because it was convenient.  it's not eh best Thai place I've been to, but it's SOLID.  

They have a really...",4,https://s3-media2.fl.yelpcdn.com/bphoto/NHuPZBMs3Je76Uxwr3MAHQ/o.jpg
$$,Pho has some of the best stir fried noodles in Boston. Totally worth the $17 because of the taste and size of the plate. The noodles are clearly homemade...,5,https://s3-media3.fl.yelpcdn.com/bphoto/o5SyYRWPu3Bf8tCvn5qLMw/o.jpg
$,"Rod Dee is a pretty awesome, no frill and affordable Thai restaurant near Porter Square. I like that their menu is huge and they have some of the harder to...",4,https://s3-media2.fl.yelpcdn.com/bphoto/dTHWRj-RuXArPYD4Soc1SQ/o.jpg
$$,Came here with a reservation on a Saturday night for a birthday and we had no issues getting seated. The space wasn't too busy so we could've done without...,4,https://s3-media2.fl.yelpcdn.com/bphoto/SmIXxYDxY96Sh3cIEN879g/o.jpg
$$,"A spacious, authentic Thai restaurant with a family feel and ambiance located conveniently in Brookline. There is neighborhood parking and paid street...",4,https://s3-media3.fl.yelpcdn.com/bphoto/rDPw6mSLfs5wIQfh1pZnjg/o.jpg
$$,"Was in work and went to go order from Similans (our go to at work) and they have permanently closed, so another co-worker suggested here! 

OMG so glad they...",4,https://s3-media1.fl.yelpcdn.com/bphoto/3FAcvkwi47P9g1pub_d8-Q/o.jpg
$$,"Cute and cozy hole in the wall with delicious food.

Keep an eye out for Beantown Pho and Grill the next time you walk down Newbury St. If you're not paying...",5,https://s3-media2.fl.yelpcdn.com/bphoto/vaLclH4XZ38lHaSLb6sP5Q/o.jpg
$$,"This is still my go to and golden standard for great Thai food. Menu is extensive, and they never fail. 

Ordered takeout tonight but service was still...",5,https://s3-media2.fl.yelpcdn.com/bphoto/8JoDFPLiLjW73WQpter64A/o.jpg
$,"I can't believe it took me more than a year to finally come here, when it's 5 min walk from my apt. Never looked like much from the outside so didn't think...",4,https://s3-media1.fl.yelpcdn.com/bphoto/ALFgfNr50IKVMU5p8E3NrQ/o.jpg
$$,"PROS: Fantastic food, cute plants and atmosphere, great prices
CONS: Slow service

I love this place! I've been here so many times that I've tried most of...",5,https://s3-media2.fl.yelpcdn.com/bphoto/MuihDepeEZ3LTPhW29nckg/o.jpg
$,"I ordered takeout today for lunch and it arrived about ten minutes ahead of schedule, nice and hot. Fresh, spicy, delicious. Good portions, too!

I got the...",4,https://s3-media1.fl.yelpcdn.com/bphoto/NeqMG2uYVsAG1iWRsb6tgg/o.jpg
$$,"Miss this place.    Used to live over here. Best Thai food in Boston.  There, I said it. 

I used to come here most days.... Some days, I'd eat lunch AND...",5,https://s3-media4.fl.yelpcdn.com/bphoto/tyA-_2YR1BRxRwxTPd8f8A/o.jpg
$$,"Delicious, quick lunch near BU campus. $11.78 for a Pad See Ew, coming out to $12.5 pre tip. The staff is super understanding of allergies-- they readily...",4,https://s3-media1.fl.yelpcdn.com/bphoto/zXMJxswRRV4DVKjDa0Nllw/o.jpg
$,"Don't judge a restaurant by its sign! 

You might not expect much from this casual joint, with their no frills exterior, but they are a solid takeout option...",5,https://s3-media4.fl.yelpcdn.com/bphoto/4Q1KJW6ym44Oaz57es9FdA/o.jpg
$$,"Very fast turn time on our order, everything was very good, service was quick and friendly, definitely recommend.",5,https://s3-media3.fl.yelpcdn.com/bphoto/6TJRqObCkPdBW76Funs0Wg/o.jpg
$,Cool spot with great small business charm! Had lunch here with my daughter while visiting the area and was pleasantly surprised to find the spot. Was...,5,https://s3-media3.fl.yelpcdn.com/bphoto/t5V53YukY59FEMq5QWRvEw/o.jpg
$,"Stoked has it down, the menu is exactly what you want from your neighborhood pizza spot ... and the beverages and cocktails are perfect every time.   I...",5,https://s3-media3.fl.yelpcdn.com/bphoto/kD4soDD1PlPULluRAo7B5g/o.jpg
$$,People wait in line for Regina's which has dropped off the cliff in quality while just up the street you can get a far superior pizza and sadly I am the...,5,https://s3-media2.fl.yelpcdn.com/bphoto/derEYD_f-F1p-O8wNaRyYg/o.jpg
$,"Simply the best bakery(square)  pizza, arancini, panzaroti, and calzone (and all the other things.) The owner was born in Italy and has been doing this for...",5,https://s3-media1.fl.yelpcdn.com/bphoto/tNZbSM1ZOvju9zevxv_JZw/o.jpg
$,"I found this place on Yelp and had no idea how mom-and-pop it was.

I visited around 11:30am on a Friday. The door was open and the TV was on, but the...",5,https://s3-media3.fl.yelpcdn.com/bphoto/8xTMuEZsoOIihTfpseoqbg/o.jpg
$,Amazing place! The staff all speak Italian and really care about the food they prepare. Same quality as restaurants in the North End with half the price.,5,https://s3-media4.fl.yelpcdn.com/bphoto/uT6YEoi-gsWBneY6q6q0mw/o.jpg
$$,One of the oldest pizzerias in Boston. The original location in the North End is still the best. The other locations are 'bene' while this location is...,5,https://s3-media1.fl.yelpcdn.com/bphoto/3gMEZUlKu7fFe8uqy0PUNQ/o.jpg
$$,"I found out last night that this restaurant had closed. 
I dont know why this restaurant is closed, but after going there to eat several times before and...",5,https://s3-media4.fl.yelpcdn.com/bphoto/eFCrELhtrnaMKhz0t3zGFw/o.jpg
$$,I have been going to Piccos for almost 19 years. Now I will explain why it only gets three stars. Honestly the pizza is amazing. Which isn't even the best...,3,https://s3-media2.fl.yelpcdn.com/bphoto/PhVHbuOW1zLtWFtY8I-5SA/o.jpg
$$,I went to this place last week on the way to a friend's house and I loved it. They make the best pizza I have ever had. They had a special going where you...,5,https://s3-media3.fl.yelpcdn.com/bphoto/PUCfhNQ4MDg8tqMT4C83zQ/o.jpg
$$,"My wife and I checked tonight and since the start of the pandemic in March, 2020, we've ordered Otto's on average at least once a month. It's a great option...",5,https://s3-media2.fl.yelpcdn.com/bphoto/nv2rjiWJ1czM9GuStCY-6A/o.jpg
$$,"my daughter and i went here a few weeks ago it had been many years since i was there. I must say , they did not disappoin.  service was excellent, very...",5,https://s3-media2.fl.yelpcdn.com/bphoto/uFMPfX8FF-ydkX5qOkn7iA/o.jpg
$,"Perhaps the best pizza in Fenway. It is pricey, but there meat lovers pizza is terrific and has more generous amounts of meat that the corresponding pizza...",5,https://s3-media1.fl.yelpcdn.com/bphoto/zH3s5yC7B5BjoN856u0Riw/o.jpg
$,"Good casual pizza place. No frills but very tasty.

I've gotten pizza here a few times and each is better than the last. The staff here definitely doesn't...",5,https://s3-media4.fl.yelpcdn.com/bphoto/_ccYXGnwLsf_XlM-vaicLg/o.jpg
$$,"While in Boston, my family and I decided to take a break and order in dinner to the room. We had a craving for pizza and found Crush online. I am so glad we...",5,https://s3-media4.fl.yelpcdn.com/bphoto/rlqR4cE31P_M1Ip8nPW0QQ/o.jpg
$$,"The Salty Pig - A Boston Delight for Meat Lovers

As a self-proclaimed foodie, I'm always on the lookout for the next best dining spot. So when I heard...",5,https://s3-media2.fl.yelpcdn.com/bphoto/5UzgfJ2l3LZDBspzRrFfXw/o.jpg
$,"remember the old dacopas store front sign? 
yeah... I forgot how a cheeseburger sub is so delicious freshly put together to warm up at 230am after third...",5,https://s3-media2.fl.yelpcdn.com/bphoto/U1rQx0o2TQOFwFnpUB31gQ/o.jpg
$$,"I visited Figs with a friend for dinner, and I'm still thinking about the calamari pizza! 

Figs is known for their thin crust pizza. You have the option of...",4,https://s3-media1.fl.yelpcdn.com/bphoto/bk11dXEFQnzG36vpOSk7bQ/o.jpg
$$,Cheese Pizza is amazing! Ate outside on a warm evening. Service is very friendly and they made a nice wine recommendation.,5,https://s3-media4.fl.yelpcdn.com/bphoto/Tz3HWEX9mXEzlZT-BU5pqA/o.jpg
$,"Great spot with plenty of options within easy walking distance of Tuft's Medical Center. Staff is super friendly and service is quick. 

Large selection of...",5,https://s3-media3.fl.yelpcdn.com/bphoto/OL4Y0uAZVGpJLHv460UKdg/o.jpg
$,"Nothing but the best service, great donuts, good coffee, and doors open at 4:30 am. What else can you ask for? If you are new to the area or from out of...",5,https://s3-media1.fl.yelpcdn.com/bphoto/uVG9DdlokEPSzstemREUNg/o.jpg
$,this is probably my favorite donut place near the boston area. rt 1 is a pain to drive on and if you miss it you would need to get out and loop back. but...,5,https://s3-media1.fl.yelpcdn.com/bphoto/lfozExx7Z_TGKQHyGe78HA/o.jpg
$,"This wonderful little shop gave me the best service and restored all faith in our industry!!  The girl who served me at the counter, I so wish I had gotten...",5,https://s3-media4.fl.yelpcdn.com/bphoto/fGnMzs7YCTTYYxwO1lGmKQ/o.jpg
$,They operate the outdoor snack shack at Bradford Ski area in Haverhill MA. The fried dough is amazing! Nice people too. It was fun eating outdoors at a...,5,https://s3-media3.fl.yelpcdn.com/bphoto/BUfQChhU5c4aTJV5Kwhpjg/o.jpg
$$,The donuts were incredible. Soooo soft fluffy and flavorful. Next time we are in this area we will be back!,5,https://s3-media1.fl.yelpcdn.com/bphoto/N-vMzW3E4c-y49fMLJQwnA/o.jpg
$,"New sandwich bread!!!!!!
If you had their breakfast sandwich on toast or English or bagel
I highly recommend the ciabatta bread
And go for maple aioli on...",5,https://s3-media2.fl.yelpcdn.com/bphoto/NrhKPL1tYoXzvJ-shLY8Ew/o.jpg
$,"We couldn't believe it when we saw on the news one morning that their oven exploded, we miss our donuts and we can't wait for this place to reopen! Great...",5,https://s3-media3.fl.yelpcdn.com/bphoto/ZC9eqC7ogPfQWWXgTPcC-g/o.jpg
$,"Little diner we love to go for breakfast once or more a week 
Friendly staff great service
Owner loves to say high to all
Had monte crisco French toast with...",5,https://s3-media4.fl.yelpcdn.com/bphoto/rlAa5TDc_p_zbWexRNH7eA/o.jpg
$,"Yeah these are really good donuts. Verna was not the most courteous, and when I found myself to be the only customer in the store, she acted like I was...",5,https://s3-media1.fl.yelpcdn.com/bphoto/IIU2OAGcvIAHeNZd16hURw/o.jpg
$,"Honestly this place is a little bit of a hole in the wall, the lady at the front is so funny, don't expect her to be super nice to you she's probs been...",5,https://s3-media1.fl.yelpcdn.com/bphoto/xPJLNoYn7QFCPBD7LLpvcg/o.jpg
$,Very good meatball subs. Could have used another meatball or two but definitely homemade meatballs so that was a plus.,4,https://s3-media4.fl.yelpcdn.com/bphoto/n1eSbnyKZZyb5LuKw3sWfQ/o.jpg
$,"Some foods--tacos, burgers, breakfast, donuts etc.--have two main categories: old-school and fancified. If done right, there is really nothing to recommend...",5,https://s3-media3.fl.yelpcdn.com/bphoto/8mY1--MLoEDL74cMrYtBhQ/o.jpg
$,"This place is expensive for what it is. For two coffees and 2 breakfast sandwiches, we easily spent $15. I recommend to go elsewhere. Starbucks coffee is...",3,https://s3-media2.fl.yelpcdn.com/bphoto/_KyzAa0QFgxwTdlg8QP5Gg/o.jpg
$,"Love this place. The lady's and the manager are the best, always ready with my coffee, my poppy is always welcome, thanks DD team",5,https://s3-media2.fl.yelpcdn.com/bphoto/8gc4Xkpz1kdRzJU8EKxwiQ/o.jpg
$,I never would have imagined that this place would have such tasty treats...the appearance of forest hills alone doesn't really make you want to eat anything...,5,https://s3-media4.fl.yelpcdn.com/bphoto/AkDG_sggDxvp9hVNAljvqw/o.jpg
$,"First off let me just say that I've never written a review for a Dunkin Donuts store but felt compelled to write one after exceptional service. 

The...",5,https://s3-media3.fl.yelpcdn.com/bphoto/QbUiINFZ-A0Q26daJ4qs4A/o.jpg
$$,"Came in one morning and they ran out of all the flavors I originally wanted, so I came back the next day, still didn't get the cider, but the Blackbird and...",4,https://s3-media2.fl.yelpcdn.com/bphoto/CRc_0sbpQIRZRq57dqJ8Vw/o.jpg
$,"To me, the East Coast is synonymous to Dunkin' Donuts. During a summer trip to New York and Massachusetts, I was hoping to get Dunkin' on more than one...",4,https://s3-media2.fl.yelpcdn.com/bphoto/BXS5iM4U_pDxqgykkboOoQ/o.jpg
$,This is an incredibly convenient Dunkin Donuts - located right in Kenmore Square and around the corner from Fenway. It's surprisingly clean for its high...,4,https://s3-media1.fl.yelpcdn.com/bphoto/KU5MtADVNUGGrvN1cecMHA/o.jpg
$,"Pros:
-Freshest dough in the city. Seriously, it's SO soft it deflates in your hands.
-The staff here continue to be awesome. I was buying a dozen donuts...",5,https://s3-media4.fl.yelpcdn.com/bphoto/b2tHduPCzhRpEiqxIEg2Ng/o.jpg
$,"Can't speak to the food, but the espresso martinis are soooo good here. Also their regular martinis are really yummy instead of using olive juice, I think...",5,https://s3-media3.fl.yelpcdn.com/bphoto/P4er8H-KM32yg0Ku6sPByQ/o.jpg
$,Fantastic.   Chocolate dipped macaroons were delicious.  Cheesecake was excellent; particularly if you prefer a less dense texture.,5,https://s3-media4.fl.yelpcdn.com/bphoto/gfM2qjOzjOMjm7-7mtUVHg/o.jpg
$,"It is by no means an exaggeration to state that Maria's is an institution. Not only is this the best cannoli spot in the North End, but it is arguably the...",5,https://s3-media2.fl.yelpcdn.com/bphoto/OUHPbcGhz5qX2APq_Yu2OQ/o.jpg
$$,"Absolutely perfect. The canales were perfection. Pan au chocolat was one of the lightest and crispest I've ever eaten. Macaron good too, though less...",5,https://s3-media4.fl.yelpcdn.com/bphoto/b-KTA7VrMgNucQerHFjrxA/o.jpg
$,The portions are huge! I personally I can't finish anything I've gotten from this truck but it's still worth the visit!,5,https://s3-media2.fl.yelpcdn.com/bphoto/9BKkEv6v3mwoehNi2fUjCQ/o.jpg
$,"We have become regulars at this place-- it is so convenient, and the food is so healthy and fresh!  
And the people who work here always greet us with big...",5,https://s3-media2.fl.yelpcdn.com/bphoto/yNnmI2n4CT87tDAbs8nKfg/o.jpg
$$,A great south end neighborhood cafe spot! Great for quick catch-ups and a good work spot (with wifi!) during their less busy hours into the evening. The...,5,https://s3-media2.fl.yelpcdn.com/bphoto/mBzaOE4eOJ0j0bK3KBIvIA/o.jpg
$,The fruit juices and batidas  Also they sell a variety of pastries that are difficult to find sometimes.,5,https://s3-media3.fl.yelpcdn.com/bphoto/h4x9bi7VGP1TcZ64hAYDkQ/o.jpg
$,"We have eaten these for the last 5 years, Eldo's will be missed. Best Chinese bakery out there.",5,https://s3-media2.fl.yelpcdn.com/bphoto/SOjbM3DGKZywkSq8TwV2Vw/o.jpg
$$,"The owner of this bakery, Glenn,  is such a sweet man I love him so much! Every time I come in here with my mom he's so quick to greet us and offer help...",5,https://s3-media3.fl.yelpcdn.com/bphoto/SpLOSWvuxPM8BOzoIhPHtw/o.jpg
$,Pernil sandwich (roast pork) with everything was delicious. Small was big enough. Came with shredded lettuce tomatoes pickles mayo ketchup and mustard....,5,https://s3-media4.fl.yelpcdn.com/bphoto/AitTTde_GByWdxdlaNXgcg/o.jpg
$$,"Canooli is ok, too sweet for Asian. But service there is horrible. Shop ladies there lack of patience.",3,https://s3-media2.fl.yelpcdn.com/bphoto/wuC9-Asq0HY2HmtujwnNLA/o.jpg
$$,"It's all here. 
There are the pastries, cakes and cookies. I'm not going bore you with who has the best cannoli, blah blah. 
Just go here with your CASH and...",5,https://s3-media4.fl.yelpcdn.com/bphoto/uKNWdwig5eGI83MyN7ss5A/o.jpg
$,"I had suspected a bakery was operating in this block for the last 7 years because of the intoxicating yeasty aromas, but only stumbled across the Quinzani's...",5,https://s3-media2.fl.yelpcdn.com/bphoto/r10siJHLsujKAewm4UgHNg/o.jpg
$$,When I have a Sweet Tooth I like to come here for a sweet treat. These cupcakes are the perfect sugar rush inducing treats your palate is looking for. With...,5,https://s3-media2.fl.yelpcdn.com/bphoto/iF2p_88Q5TFUjoxPwMcVsg/o.jpg
$,"I love going to this spot for a quick bite. The best zongzi in town (they're my grandfather's favorite!), the pastries are fresh, my only complaint is no...",4,https://s3-media1.fl.yelpcdn.com/bphoto/3fuHHHiTxPLRFg0cWEtmog/o.jpg
$,Family owned place. I almost always get the grilled buffalo chicken salad. Grilled Chicken NOT the fatty chicken cutlet or breaded chicken. Very tasty and...,5,https://s3-media1.fl.yelpcdn.com/bphoto/PZZAgZ1IDDjuCIpafh8LgQ/o.jpg
,"If you visit Boston and skip the historic North End, you're doing it wrong. You should love authentic Italian food, world class pastries and cappuccinos. If...",5,https://s3-media3.fl.yelpcdn.com/bphoto/T53Mx5HecLdb55s-G8gB1Q/o.jpg
$$,People wait in line for Regina's which has dropped off the cliff in quality while just up the street you can get a far superior pizza and sadly I am the...,5,https://s3-media2.fl.yelpcdn.com/bphoto/derEYD_f-F1p-O8wNaRyYg/o.jpg
$,Amazing place! The staff all speak Italian and really care about the food they prepare. Same quality as restaurants in the North End with half the price.,5,https://s3-media4.fl.yelpcdn.com/bphoto/uT6YEoi-gsWBneY6q6q0mw/o.jpg
$$,"Cute, authentic Italian restaurant in the North End. Cash only. Lynn was my server and she was great explaining the menu and the run down of the restaurant...",5,https://s3-media1.fl.yelpcdn.com/bphoto/YXYqFvY2lDCfGt46Bc_gLg/o.jpg
$$,"I found out last night that this restaurant had closed. 
I dont know why this restaurant is closed, but after going there to eat several times before and...",5,https://s3-media4.fl.yelpcdn.com/bphoto/eFCrELhtrnaMKhz0t3zGFw/o.jpg
$$,I have been going to Piccos for almost 19 years. Now I will explain why it only gets three stars. Honestly the pizza is amazing. Which isn't even the best...,3,https://s3-media2.fl.yelpcdn.com/bphoto/PhVHbuOW1zLtWFtY8I-5SA/o.jpg
$$$,Favorite Spot on the Hill Great Food Atmosphere is Awesome can't go wrong With anything on the menu,5,https://s3-media4.fl.yelpcdn.com/bphoto/4GNI3CZSBwZTvMfj0658mA/o.jpg
$$,​ I am originally from East Boston I now live in New Hampshire it was well worth the ride the food was absolutely delicious and the desserts were awesome...,5,https://s3-media3.fl.yelpcdn.com/bphoto/EM8xCn7aTAGaxcfHPZkhGg/o.jpg
$$$,I came here last night for a friend's birthday and the food as absolutely phenomenal. She made a week-of reservation and was able to grab an 8pm...,5,https://s3-media4.fl.yelpcdn.com/bphoto/L1fGQjel0iHV6ZH8PBfk5Q/o.jpg
$$$,"The Daily Catch is a fantastic seafood Italian restaurant located in the heart of the city. The restaurant offers a warm and inviting atmosphere, with a...",5,https://s3-media4.fl.yelpcdn.com/bphoto/nqNaUJeWE5BlgAjMeXlhig/o.jpg
$$$,"We journeyed to Grotto on foot for two reasons. First, this restaurant was in the Beacon Hill area where we had been walking on foot all day. And second,...",5,https://s3-media1.fl.yelpcdn.com/bphoto/LtHx-HvCEzQG0TDBk94b_w/o.jpg
$$,"Amazing staff, great food and healthy pours.  
The trifecta for sure! 
Try the Lasagna of the Day or one of their rotating drafts!",5,https://s3-media2.fl.yelpcdn.com/bphoto/FiAN9-k85mwb76_MfdOnHw/o.jpg
$$$,"Really enjoyed each visit here, particularly the pasta dishes. The following are my notes from a couple years back, posting for posterity:

Sweetbreads...",5,https://s3-media1.fl.yelpcdn.com/bphoto/WxgO4Te0H5ycUqkOWSVA6A/o.jpg
$,"The absolute best bacon, egg, and cheese (cheddar) on a croissant ever. Also great hours, open at I believe 5 or 6am everyday. Really great value too, not...",5,https://s3-media3.fl.yelpcdn.com/bphoto/icFyYM8heWpDwMG_RGl5IA/o.jpg
$$,"The restaurant is very traditionally Italian, with amazing staff and a great atmosphere.  The food was amazing (cheese ravioli with red sauce, shrimp...",5,https://s3-media3.fl.yelpcdn.com/bphoto/oqdzY-QJnP5joONLp-E1Eg/o.jpg
$$$,Fantastic Italian restaurant by Barbara Lynch. The rabbit and GF pasta was excellent. The lobster gnocchi is fabulous! Run here for the best gnocchi in town.,5,https://s3-media3.fl.yelpcdn.com/bphoto/P_76I7kydsX41jSJFTAWdQ/o.jpg
$,"My favorite lunch spot around. I walk a long time in the rain sometimes to get these sandwiches. 

The chicken parm, meat ball, and bidabeep sandwiches are...",5,https://s3-media3.fl.yelpcdn.com/bphoto/RLp5ex3RKBNJ765LGbkADA/o.jpg
$$,I got here frequently with my wife and the food is always delicious and the service is kind and welcoming.,5,https://s3-media2.fl.yelpcdn.com/bphoto/1Fka1ftpeOll7x2Jiy0VLQ/o.jpg
$,"I stopped into this place for the first time today, so I got the classic banh mi sandwich to feel things out. I really liked it-- the different sliced cold...",5,https://s3-media3.fl.yelpcdn.com/bphoto/H91374Vlc46Jl2BP3lZd2A/o.jpg
$,"The location is pretty sketch - falafel house used to be here but ever since they moved, its been pretty empty and low traffic. However, Banh Mi House...",5,https://s3-media1.fl.yelpcdn.com/bphoto/Fe0TI6sJkz8-3nfPaKB5-Q/o.jpg
$,"Our favorite pho spot by Orient Heights station.
It's very covenient to commute to! The interior isn't the prettiest, but that's how you know the food is...",5,https://s3-media2.fl.yelpcdn.com/bphoto/J8yLLgLElIBEn1R_yb4wkw/o.jpg
$$,Fun Chelsea spot with an AMAZING atmosphere and tasty foods. The little touches (like watermelon slices in the water) are really charming and feel pampering...,5,https://s3-media1.fl.yelpcdn.com/bphoto/d_rsg48fdO4iHSAxx9MADg/o.jpg
$,Great curry.  Chefts special sauce is yummy.  The pot sticker dumpling things are as expected.&8,5,https://s3-media3.fl.yelpcdn.com/bphoto/2083hQxq8OFbJurtHKJGiQ/o.jpg
$$,Best Vietnamese food in Boston -- we love their food so much. They catered our son's 1st birthday and everything was perfect. So many people raved about the...,5,https://s3-media1.fl.yelpcdn.com/bphoto/I3YwIXU8PI4rA_g-a_MFog/o.jpg
$$,"Great, cheap, tasty meal.  I love the spicy peanut sauce with miso braised pork over soba noodles.  I've had it a million times and will have it a million...",4,https://s3-media2.fl.yelpcdn.com/bphoto/K9urfG2q028mtyd73u4-yw/o.jpg
$$,Pho has some of the best stir fried noodles in Boston. Totally worth the $17 because of the taste and size of the plate. The noodles are clearly homemade...,5,https://s3-media3.fl.yelpcdn.com/bphoto/o5SyYRWPu3Bf8tCvn5qLMw/o.jpg
$,"Every time we visit Boston, this is a must visit. We bring coolers and ice packs with us. They've got a food station where you can have them make to order...",5,https://s3-media2.fl.yelpcdn.com/bphoto/raEIBMoCLHADrCyqCFL1pA/o.jpg
$,"*** 5/2019 ***

It was hot, so I decided to treat myself to a watermelon shake at New Dong Khanh.  $3.50 for the smaller size.

Turns out, I wasn't the only...",4,https://s3-media3.fl.yelpcdn.com/bphoto/zVXZeW-K_DS_XjeUeFDFnQ/o.jpg
$,"Nice lunch dish. Healthy and fulfilling for a good price 
Try the thai limeade and the huild your own noodle or rice salad is great option",4,https://s3-media3.fl.yelpcdn.com/bphoto/Jhwc6Xbu_M6GYs4KE_VcSA/o.jpg
$$,I live few-min walk away from the restaurant but finally decided to give it a try. Tbh I was a little skeptical as I had the idea that a Vietnamese...,4,https://s3-media3.fl.yelpcdn.com/bphoto/DdGOnV4F58PT2cDG-1i_sA/o.jpg
$$,"Cute and cozy hole in the wall with delicious food.

Keep an eye out for Beantown Pho and Grill the next time you walk down Newbury St. If you're not paying...",5,https://s3-media2.fl.yelpcdn.com/bphoto/vaLclH4XZ38lHaSLb6sP5Q/o.jpg
$,Came here with my friends and got the seven course beef which is basically 7 different meat dishes. Two of them you cook yourself by dipping the meat in...,5,https://s3-media2.fl.yelpcdn.com/bphoto/91A9ysW92ZpgYFa8xp_N-A/o.jpg
$,"I highly recommend the Bo Ne. My four star is for this dish alone. This is beef steak sautéed onion with butter, pate, and a sunny side up egg. It is served...",4,https://s3-media3.fl.yelpcdn.com/bphoto/m7cd1Rui3dblu_w0Wj4euA/o.jpg
$,"TLDR: killer take out banh mi. Cash only 

Love this place. Sandwiches are $5 with tax. I haven't tried all the varieties yet but the ones I've tried are...",5,https://s3-media2.fl.yelpcdn.com/bphoto/_OGHZyUwAHbjHeBbtyzQyw/o.jpg
$$,"Great portion, authentic pho and friendly quick service. Worth a visit! 

The menu is expansive and good quality.",5,https://s3-media1.fl.yelpcdn.com/bphoto/tiJRA3JfI3YHi-9oxIZKoA/o.jpg
$$,"Great, cheap, tasty meal.  I love the spicy peanut sauce with miso braised pork over soba noodles.  I've had it a million times and will have it a million...",4,https://s3-media2.fl.yelpcdn.com/bphoto/K9urfG2q028mtyd73u4-yw/o.jpg
$,"Love Vietamese food, and finding this food truck was a happy serendipity.

Bon Me happened to be in my pathway on my way back to my hotel, where I was going...",4,https://s3-media3.fl.yelpcdn.com/bphoto/8On64m6yBTwgYjvy9VQOIA/o.jpg
$$,"One of the best places to get Vietnamese food. Saddened by their closure and hope that local and regional food cuisines can survive here in Boston.

Until...",5,https://s3-media1.fl.yelpcdn.com/bphoto/vxouIMMibBgPal1wNdpwnw/o.jpg
$$,"Best. Yogurt. Ever. If all the other reviews don't convince you to come try it out, let it be mine that screams from the rooftops, This is better than...",5,https://s3-media2.fl.yelpcdn.com/bphoto/FTS3BBMZvUBbxA4_1iLIHA/o.jpg
$,Great fresh ravioli and pasta. I definitely will be back soon to try some more kinds.,5,https://s3-media2.fl.yelpcdn.com/bphoto/nIaz07SngbDphdIYksgI3A/o.jpg
$$,"Food - you get a great variety and high quality Mediterranean food. I was so happy to find all kinds of wheat, fresh salad, cheese, pastry. 

Ambiance -...",5,https://s3-media2.fl.yelpcdn.com/bphoto/LGUMm0Uc41Yt100ubtaSlQ/o.jpg
$,I lived in Boston for 7 years but only came here for the first time on a visit back to see friends. I can't believe it took me so long! The food was...,5,https://s3-media4.fl.yelpcdn.com/bphoto/Ejb-ejEPKUUCv3RQ1BqqxQ/o.jpg
$$,My boyfriend and I went here to just check it out to see what they had and BOY were we surprised. The space looks small from the street but extends far back...,5,https://s3-media2.fl.yelpcdn.com/bphoto/UQTngUrRqfVaI1_iXTGPng/o.jpg
$$,"This place is magic.

It's super unassuming, and I've definitely walked right by it even when I've been looking for it.  The name ""Reliable Market"" makes me...",5,https://s3-media1.fl.yelpcdn.com/bphoto/OObOpKqEVrXqGaE1wESpsw/o.jpg
$$,"I really kind of want to keep this simple.  Two questions.

1) Do you like pierogies?
2) Do you like kielbasa?

If the answer to either one of those...",5,https://s3-media2.fl.yelpcdn.com/bphoto/rqYXrvGFBhJ9YY-TrGgorg/o.jpg
$$,Great source for Euro Cadbury chocalates. We visited 2 weeks before Easter and there were so many fun bunny themed chocolates! Aero choc and so many others...,5,https://s3-media2.fl.yelpcdn.com/bphoto/crqxvJYIW7vBbLL6hnoluA/o.jpg
$,"Authentic and fresh! The menu has a good amount of options. 

The tacos and burritos are staples and are delicious. Pollo asado is also a good choice, for...",5,https://s3-media3.fl.yelpcdn.com/bphoto/_DBMhc7GZvXWyRObcs8L8w/o.jpg
$$,For a long time after arriving in he Boston-Cambridge area my friends recommended this place for me.  I am an adventurous cook and always need rare spices...,5,https://s3-media4.fl.yelpcdn.com/bphoto/IeVJt8yZWZdcY2KCXRwPSA/o.jpg
$,Looking for Polish sausages we found this place. Friendly service and a nice selection of Polish foods and meats! We will be back!,5,https://s3-media4.fl.yelpcdn.com/bphoto/24YaYnpGbjz3QXwh59_A1A/o.jpg
$,"The Lamejun (not sure which spelling to use, there are so many) is fantastic. The bouregs are amazing Great selection and a long-time staple.",5,https://s3-media2.fl.yelpcdn.com/bphoto/-fBExemYC8AKmRylmFexYw/o.jpg
$,After a fun and fabulous night at Ryan Landry's gold dust orphans show up on the third floor we wandered down to find the basement  kitchen. Our first time...,5,https://s3-media1.fl.yelpcdn.com/bphoto/G31gGQiOSIXmCqZAea6lFg/o.jpg
$,"I love this awesome lunch place in the Nonprofit Center building!

I'm spoiled by delicious made to order food without having to leave my office...",4,https://s3-media4.fl.yelpcdn.com/bphoto/owjCLsy0gQl_92NRQqbb_g/o.jpg
$,"Unfortunately I wasted my money. I ordered chicken kabob and falafel but in my opinion if I went to McDonalds I will eat better food.  

I am sure those who...",1,https://s3-media3.fl.yelpcdn.com/bphoto/IDrKuHEUEDFCI109GMexVA/o.jpg
$,"I lived in Cambridge for 2 years in the late 90s while doing postdoc (i.e. Post Doctoral Research, a fancy term for unemployed person with a Ph.D. degree,...",5,https://s3-media1.fl.yelpcdn.com/bphoto/Dh96T1JSCfQt7YRezpCIVQ/o.jpg
$,"Excellent people and excellent crevice! 
I worked at that place for two years and I know the business form inside. The owner always do his best to provide...",5,https://s3-media1.fl.yelpcdn.com/bphoto/A_dWJqjGRowWVU0duXhTFA/o.jpg
$,"Most of these stars are for how convenient this place is.  A couple blocks from South Station, has parking, isn't usually too insane.  It already starts...",5,https://s3-media3.fl.yelpcdn.com/bphoto/6YqrdGxcPni9SHDH2ubQrQ/o.jpg
$,"Wow this was great food! A friendly man welcomed us at the door and we were seated nearly immediately, service was prompt and the food was absolutely...",5,https://s3-media2.fl.yelpcdn.com/bphoto/4jUaGu4w_Ceie3k2oU7BIg/o.jpg
